,city,country,latitude,longitude,max_temp,humidity,cloudiness,wind_speed,date
0,topchikha,ru,52.82,83.12,64.4,77.0,0,4.47,1596917642
1,chaiyaphum,th,15.75,102,76.05,89.0,87,5.64,1596917642
2,tinskoy,ru,56.15,96.92,59.9,76.0,52,4.23,1596917643
3,diest,be,50.98,5.05,84.99,37.0,45,6.93,1596917643
4,bin qirdan,tn,33.14,11.22,77.16,68.0,0,6.02,1596917643
5,tabora,tz,-5.02,32.8,71.6,53.0,20,11.41,1596917643
6,casino,au,-28.87,153.05,51.01,81.0,0,5.82,1596917643
7,seka,th,17.93,103.96,77.74,86.0,99,2.86,1596917643
8,udomlya,ru,57.88,34.99,59.97,93.0,77,3.83,1596917643
9,nevelsk,ru,46.67,141.86,44.6,93.0,100,2.24,1596917643
10,chimore,bo,-16.98,-65.13,90.57,29.0,77,3.71,1596917643
11,paharpur,pk,32.1,70.97,96.73,45.0,0,13.33,1596917643
12,klaebu,no,63.3,10.48,57.2,71.0,75,19.46,1596917643
13,poum,nc,-20.23,164.02,70.32,76.0,52,11.23,1596917643
14,santa fe,ar,-31.63,-60.7,68,75.0,11,1.99,1596917470
15,katiola,ci,8.13,-5.1,75.2,88.0,20,6.93,1596917449
16,tangping,cn,22.03,111.93,78.33,91.0,89,1.39,1596917644
17,novouzensk,ru,50.46,48.14,67.12,64.0,89,11.72,1596917644
18,tynda,ru,55.17,124.72,54.9,96.0,100,6.24,1596917644
19,lohja,fi,60.25,24.07,68,65.0,0,5.01,1596917644
20,umm lajj,sa,25.02,37.27,85.39,63.0,0,3.02,1596917644
21,campbellton,ca,48.01,-66.67,84.52,40.0,50,7.36,1596917644
22,melbourne,au,28.08,-80.61,91.99,74.0,1,12.75,1596917563
23,diapaga,bf,12.07,1.79,74.55,89.0,98,5.37,1596917644
24,ola,ru,59.58,151.28,60.37,76.0,100,1.54,1596917644
25,okmulgee,us,35.62,-95.96,96.01,57.0,0,8.99,1596917644
26,dakar,sn,14.69,-17.44,84.2,74.0,75,9.17,1596917645
27,leua,ao,48.22,18.61,75.99,61.0,0,5.64,1596917645
28,panguna,pg,-6.32,155.48,67.96,100.0,99,1.86,1596917645
29,vilhena,br,-12.74,-60.15,87.8,29.0,52,11.41,1596917645
30,antigonish,ca,45.62,-62,78.01,68.0,100,1.95,1596917645
31,menongue,ao,-14.66,17.69,58.84,33.0,1,2.82,1596917645
32,chiang rai,th,19.91,99.83,78.8,100.0,20,3.36,1596917645
33,state college,us,40.79,-77.86,84,54.0,99,3,1596917645
34,samus,ru,56.75,84.7,62.01,90.0,28,3.06,1596917645
35,laem sing,th,12.48,102.07,82.99,99.0,100,10.13,1596917645
36,sungairaya,id,0.7,108.9,78.91,88.0,100,5.82,1596917645
37,banda aceh,id,5.56,95.32,82.06,69.0,92,11.65,1596917646
38,peruibe,br,-24.32,-47,67.98,80.0,1,2.35,1596917646
39,togur,ru,58.36,82.83,57.85,66.0,0,2.91,1596917646
40,duluth,us,46.78,-92.11,88,58.0,75,12.75,1596917372
41,howard springs,au,-12.5,131.05,66.99,88.0,100,4.68,1596917646
42,pteleos,gr,39.05,22.95,75.2,69.0,90,9.17,1596917646
43,luzino,ru,54.95,73.04,69.8,56.0,13,8.95,1596917646
44,hrubieszow,pl,50.8,23.89,68.54,81.0,0,1.99,1596917646
45,panalingaan,ph,8.78,117.42,79.9,82.0,100,5.99,1596917646
46,kashary,ru,49.04,41.01,67.5,62.0,0,10.74,1596917646
47,mandapeta,in,16.87,81.93,80.83,83.0,100,6.13,1596917646
48,lakes entrance,au,-37.88,147.98,48.99,96.0,94,7.67,1596917646
49,datong,cn,40.09,113.29,65.53,62.0,0,1.07,1596917647
50,irtyshskiy,ru,58.33,68.13,66.92,78.0,100,6.82,1596917647
51,marzuq,ly,14.4,46.47,80.26,43.0,100,8.34,1596917647
52,harstad,no,68.8,16.53,60.8,93.0,100,33.33,1596917647
53,deputatskiy,ru,69.3,139.9,43.93,99.0,100,3.38,1596917647
54,labuhan,id,-6.88,112.21,75.54,85.0,8,7.09,1596917647
55,porangatu,br,-13.44,-49.15,89.53,23.0,46,5.14,1596917647
56,camacupa,ao,-12.02,17.48,62.87,29.0,0,2.53,1596917647
57,haverfordwest,gb,51.8,-4.97,72,73.0,1,12.75,1596917647
58,mondlo,za,-27.98,30.72,50.77,59.0,0,6.2,1596917647
59,ostrogozhsk,ru,50.87,39.08,63.16,70.0,0,5.82,1596917647
60,serebryansk,kz,49.69,83.29,57.2,82.0,0,4.47,1596917647
61,ashland,us,40.82,-82.27,82.4,42.0,1,8.05,1596917641
62,primorsko-akhtarsk,ru,46.05,38.17,78.39,56.0,0,13.71,1596917648
63,glubokiy,ru,48.52,40.33,70.09,55.0,0,12.01,1596917648
64,pahrump,us,36.21,-115.98,99,8.0,0,3,1596917489
65,pismo beach,us,35.14,-120.64,75.2,82.0,75,8.05,1596917648
66,porterville,us,36.07,-119.02,93.2,24.0,0,8.05,1596917648
67,avenal,us,36,-120.13,95,29.0,0,2.68,1596917648
68,mildura,au,-34.2,142.15,46.4,93.0,90,4.7,1596917648
69,somotillo,ni,13.04,-86.91,91.4,63.0,40,4.7,1596917648
70,fasa,ir,28.94,53.65,89.6,19.0,20,3.24,1596917648
71,charlottetown,ca,46.24,-63.13,84.2,35.0,40,11.41,1596917439
72,boyolangu,id,-8.12,111.89,70.7,91.0,56,0.6,1596917648
73,mglin,ru,53.06,32.85,61.56,90.0,1,5.19,1596917648
74,zalesovo,ru,53.99,84.74,60.44,91.0,0,4.23,1596917648
75,imphal,in,24.82,93.95,73.15,94.0,100,0.58,1596917649
76,mitha tiwana,pk,32.25,72.11,97.43,42.0,0,7.74,1596917649
77,brody,ua,50.09,25.15,67.24,81.0,0,2.15,1596917649
78,vazhiny,ru,60.96,34.02,59.67,92.0,1,1.16,1596917649
79,chiguayante,cl,-36.92,-73.02,53.6,76.0,100,9.17,1596917649
80,krabi,th,8.07,98.91,79,100.0,20,3.18,1596917649
81,kharan,pk,28.58,65.42,82.31,68.0,77,5.12,1596917649
82,mahalapye,bw,-23.1,26.81,51.57,72.0,0,8.81,1596917461
83,saltpond,gh,5.21,-1.06,73.02,87.0,71,8.37,1596917649
84,xiongyue,cn,40.18,122.12,74.05,84.0,81,1.61,1596917649
85,caucaia,br,-3.74,-38.65,82.4,65.0,0,13.87,1596917649
86,olden,no,61.84,6.81,57,89.0,59,1.99,1596917650
87,kamina,cd,-8.74,24.99,69.85,35.0,67,5.08,1596917650
88,velyka mykhaylivka,ua,47.08,29.85,74.07,52.0,1,13.67,1596917650
89,wuan,cn,31.68,112,74.84,90.0,0,2.59,1596917650
90,mnogovershinnyy,ru,53.94,139.92,50.59,77.0,11,4.29,1596917650
91,pindi gheb,pk,33.24,72.27,84.2,89.0,96,4.7,1596917650
92,la cruz,mx,23.92,-106.9,87.28,71.0,64,7.43,1596917650
93,marhaura,in,25.97,84.87,88.39,65.0,100,6.04,1596917650
94,puerto madero,mx,14.72,-92.42,89.6,66.0,40,9.17,1596917650
95,tuljapur,in,18,76.08,74.23,87.0,100,10.71,1596917650
96,kyshtovka,ru,56.55,76.63,62.82,89.0,0,5.35,1596917650
97,kanjiza,rs,46.07,20.05,75.11,56.0,20,5.86,1596917650
98,saiki,jp,32.95,131.9,76.8,86.0,76,5.39,1596917651
99,urucui,br,-7.23,-44.56,93.15,23.0,0,8.43,1596917651
100,willemstad,an,12.11,-68.93,84.2,74.0,20,14.99,1596917651
101,lappeenranta,fi,61.06,28.19,66.2,88.0,0,3.36,1596917651
102,voh,nc,-20.97,164.7,64.33,82.0,41,4.21,1596917651
103,arroyo,us,41.61,-4.8,75.99,53.0,20,5.82,1596917651
104,redlands,us,34.06,-117.18,91.99,21.0,5,6.93,1596917651
105,sabya,sa,17.15,42.63,87.8,70.0,40,3.36,1596917651
106,rio brilhante,br,-21.8,-54.55,85.57,18.0,0,4.72,1596917652
107,capreol,ca,46.71,-80.92,78.01,50.0,90,16.11,1596917652
108,rio gallegos,ar,-51.62,-69.22,41,60.0,20,26.4,1596917422
109,ylivieska,fi,64.08,24.55,70,88.0,1,1.86,1596917652
110,san-pedro,ci,4.75,-6.64,74.57,81.0,20,7.94,1596917652
111,mollendo,pe,-17.02,-72.01,64.17,66.0,8,6.53,1596917652
112,den helder,nl,52.96,4.76,73.99,78.0,90,8.05,1596917652
113,araguaina,br,-7.19,-48.21,94.21,21.0,0,6.13,1596917390
114,zhicheng,cn,30.3,111.5,78.01,95.0,56,1.83,1596917652
115,bend,us,44.06,-121.32,78.01,31.0,1,8.05,1596917652
116,ramos arizpe,mx,25.55,-100.97,80.6,42.0,40,9.17,1596917652
117,alegrete,br,-29.78,-55.79,75.88,63.0,0,4.59,1596917653
118,muzhi,ru,65.37,64.67,46.18,92.0,6,4.85,1596917653
119,kawalu,id,-7.38,108.21,70.99,90.0,64,1.57,1596917653
120,channagiri,in,14.03,75.93,70.52,92.0,100,12.75,1596917653
121,tevriz,ru,57.51,72.4,61.36,91.0,1,4.34,1596917653
122,kyaikkami,mm,16.08,97.57,79.72,87.0,100,12.71,1596917653
123,urazovo,ru,50.08,38.04,64.38,71.0,0,7.2,1596917653
124,singkawang,id,0.9,109,77.38,91.0,99,3.38,1596917653
125,mithi,pk,24.73,69.8,85.53,74.0,67,16.55,1596917653
126,eufaula,us,31.89,-85.15,96.01,53.0,68,1.01,1596917653
127,aneho,tg,6.23,1.6,75.2,88.0,20,8.05,1596917226
128,ajdabiya,ly,30.76,20.23,76.24,72.0,0,11.74,1596917654
129,musoma,tz,-1.5,33.8,71.17,75.0,0,4.7,1596917654
130,yarmouth,ca,41.71,-70.23,78.01,73.0,1,5.82,1596917597
131,manicaragua,cu,22.15,-79.97,93.2,59.0,20,8.05,1596917654
132,magomeni,tz,-6.8,39.25,71.6,78.0,20,6.93,1596917654
133,jega,ng,12.22,4.38,78.46,76.0,55,7.72,1596917654
134,trenggalek,id,-8.05,111.72,71.74,87.0,74,1.12,1596917654
135,yakima,us,46.47,-120.67,81,34.0,1,3.36,1596917358
136,butia,br,-30.12,-51.96,69.3,70.0,0,3.22,1596917654
137,santa,pe,17.49,120.43,78.13,88.0,100,3.65,1596917654
138,la colorada,pa,8.02,-80.98,85.24,74.0,100,4.72,1596917654
139,katsina,ng,12.99,7.6,76.84,76.0,64,9.95,1596917655
140,korcula,hr,42.96,17.14,84.2,37.0,0,4.7,1596917655
141,fairview,ca,40.81,-74,87.01,61.0,1,3.36,1596917655
142,guerrero negro,mx,27.98,-114.06,82.45,41.0,0,14.85,1596917655
143,kampene,cd,-3.6,26.67,73.83,70.0,89,1.25,1596917655
144,zanzibar,tz,-6.16,39.2,75.2,78.0,20,14.99,1596917655
145,vysokogornyy,ru,50.12,139.15,47.1,87.0,0,1.14,1596917655
146,paris,us,48.85,2.35,91,35.0,4,9.17,1596917415
147,broome,au,42.25,-75.83,84,61.0,20,3.36,1596917655
148,izhmorskiy,ru,56.19,86.64,58.89,80.0,1,3.42,1596917655
149,aguimes,es,27.91,-15.45,75.2,64.0,20,28.86,1596917205
150,nikolayevsk-na-amure,ru,53.14,140.73,53.28,73.0,2,3.56,1596917656
151,calmar,ca,53.27,-113.82,60.8,59.0,75,18.34,1596917656
152,benicarlo,es,40.42,0.43,79,63.0,49,5.01,1596917656
153,longyan,cn,25.11,117.02,74.07,83.0,85,1.83,1596917656
154,qinzhou,cn,21.95,108.62,80.73,82.0,100,4.72,1596917656
155,goulburn,au,-34.75,149.72,42.01,97.0,100,12.66,1596917656
156,nanyamba,tz,-10.68,39.83,69.8,88.0,20,10.29,1596917656
157,bay city,us,43.59,-83.89,82.99,34.0,1,13.87,1596917656
158,rantepao,id,-2.97,119.9,67.08,90.0,74,1.16,1596917656
159,dourbali,td,11.81,15.86,77.94,79.0,100,8.43,1596917228
160,odienne,ci,9.51,-7.57,71.83,94.0,82,4.56,1596917223
161,lincoln,nz,40.8,-96.67,88,66.0,90,16.11,1596917431
162,tomatlan,mx,19.93,-105.25,91.44,63.0,48,8.16,1596917656
163,hualmay,pe,-11.1,-77.61,66.4,65.0,10,9.51,1596917656
164,bouafle,ci,6.99,-5.74,75.2,94.0,75,4.7,1596917657
165,camaragibe,br,-8.02,-34.98,78.8,74.0,40,13.87,1596917581
166,joshimath,in,30.57,79.57,70.65,61.0,100,0.13,1596917657
167,owensboro,us,37.77,-87.11,87.01,54.0,1,4.7,1596917341
168,sagua la grande,cu,22.81,-80.08,89.6,59.0,40,13.87,1596917657
169,manali,in,13.17,80.27,77,100.0,90,11.41,1596917657
170,oyo,ng,7.85,3.93,71.46,85.0,13,4.36,1596917657
171,alcamo,it,38,12.96,80.6,78.0,20,4.7,1596917657
172,dergachi,ru,51.23,48.77,65.73,66.0,100,13.98,1596917657
173,biltine,td,14.53,20.92,75.7,87.0,100,2.68,1596917657
174,quebo,gw,11.33,-14.93,75.9,94.0,86,6.2,1596917657
175,perth,au,-31.93,115.83,64.99,39.0,100,19.46,1596917509
176,forio,it,40.73,13.86,80.01,81.0,37,4,1596917658
177,samagaltay,ru,50.6,95,48.7,81.0,2,7.61,1596917658
178,makarov,ru,48.63,142.8,53.2,78.0,40,4.32,1596917658
179,gazli,uz,40.13,63.45,75.88,37.0,0,5.1,1596917658
180,sergiyevsk,ru,53.94,51.16,59.81,80.0,100,9.24,1596917658
181,gonda,in,27.13,81.93,84.52,78.0,94,6.33,1596917539
182,butaritari,ki,3.07,172.79,83.12,79.0,36,17.49,1596917658
183,carmen,cr,18.63,-91.83,87.8,66.0,75,9.17,1596917451
184,creston,ca,41.06,-94.36,86,70.0,40,12.75,1596917658
185,katra,in,32.98,74.95,89.6,84.0,75,2.24,1596917658
186,teruel,es,40.67,-0.67,77,73.0,100,8.05,1596917658
187,ornes,no,66.87,13.71,59,93.0,75,21.92,1596917658
188,lorengau,pg,-2.02,147.27,79.25,81.0,100,6.26,1596917659
189,powell,us,40.16,-83.08,87.01,42.0,40,8.05,1596917458
190,stellenbosch,za,-33.93,18.87,55.4,87.0,90,24.16,1596917659
191,mananjary,mg,-21.22,48.33,64.53,79.0,95,8.25,1596917659
192,beruwala,lk,6.48,79.98,78.64,88.0,100,6.93,1596917659
193,quepos,cr,9.42,-84.17,78.8,73.0,75,23.04,1596917659
194,istisu,az,40.95,48.07,75.2,50.0,40,6.93,1596917659
195,gorele,tr,41.03,39,78.8,78.0,75,3.29,1596917659
196,ennis,ie,52.84,-8.99,66.2,68.0,20,8.05,1596917659
197,najran,sa,17.49,44.13,86,40.0,40,13.87,1596917659
198,qurayyat,om,31.33,37.34,86,33.0,0,27.51,1596917371
199,la rosa,hn,15.35,-87.07,89.6,62.0,75,9.17,1596917660
200,tumut,au,-35.3,148.22,45.73,91.0,100,2.17,1596917660
201,molchanovo,ru,57.58,83.77,59.49,77.0,0,3.47,1596917468
202,tranas,se,58.04,14.98,71.6,64.0,10,2.24,1596917660
203,kahului,us,20.89,-156.47,87.8,52.0,40,18.34,1596917660
204,aberdeen,us,57.14,-2.1,57,76.0,11,8.05,1596917660
205,haverhill,us,42.78,-71.08,86,48.0,1,4.7,1596917478
206,vista hermosa,co,19.52,-99.22,73.4,40.0,90,8.66,1596917660
207,letlhakane,bw,-21.42,25.58,58.5,52.0,0,10.96,1596917660
208,tra vinh,vn,9.93,106.35,75.99,94.0,100,4.79,1596917660
209,new haven,us,41.31,-72.93,84.99,69.0,1,9.17,1596917507
210,beboto,td,8.27,16.94,73.11,92.0,100,2.33,1596917660
211,langham,ca,52.37,-106.97,75,35.0,20,20.8,1596917661
212,betanzos,bo,43.28,-8.21,71.6,78.0,0,5.82,1596917661
213,santa marinella,it,42.03,11.85,75,56.0,0,11.95,1596917661
214,wad rawah,sd,15.16,33.14,82.42,63.0,55,11.79,1596917661
215,bhaderwah,in,32.98,75.72,71.08,76.0,63,0.67,1596917661
216,angul,in,20.85,85.1,80.02,86.0,100,3.09,1596917661
217,tashla,ru,51.77,52.74,62.55,74.0,97,10.49,1596917215
218,kurara,in,25.98,79.98,89.15,66.0,18,5.95,1596917661
219,la palma,pa,33.85,-118.05,87.01,51.0,1,8.05,1596917661
220,san luis,ar,-33.3,-66.34,67.23,31.0,100,9.28,1596917661
221,layton,us,41.06,-111.97,91.4,9.0,1,10.29,1596917544
222,saint anthony,ca,45.02,-93.22,84.2,69.0,90,8.05,1596917661
223,petauke,zm,-14.24,31.33,58.59,68.0,0,11.12,1596917661
224,dinguiraye,gn,11.3,-10.72,72.97,92.0,70,1.34,1596917662
225,lasa,cn,46.62,10.7,64.4,68.0,20,2.24,1596917662
226,rochefort,fr,45.92,-1,75.99,88.0,0,5.82,1596917218
227,bocas del toro,pa,9.33,-82.25,75.99,53.0,24,7,1596917662
228,bogorodskoye,ru,56.55,37.88,58.95,93.0,87,3.67,1596917662
229,bako,et,5.78,36.57,63.5,89.0,100,2.57,1596917456
230,monclova,mx,26.9,-101.42,96.01,29.0,75,4.7,1596917662
231,ebolowa,cm,2.9,11.15,67.42,95.0,93,3.27,1596917662
232,bokoro,td,12.38,17.06,79.14,75.0,100,8.72,1596917662
233,parainen,fi,60.31,22.3,66,68.0,0,3.36,1596917662
234,tobolsk,ru,58.2,68.27,67.28,76.0,99,7.2,1596917662
235,petrovskoye,ru,57.01,39.27,58.24,91.0,0,5.95,1596917662
236,cubara,co,7,-72.11,80.04,80.0,100,0.92,1596917662
237,tecoanapa,mx,16.52,-98.75,86.29,68.0,74,11.97,1596917662
238,narrabri,au,-30.32,149.78,46.4,87.0,90,5.82,1596917663
239,wanxian,cn,30.8,108.39,80.2,81.0,98,1.77,1596917663
240,dogondoutchi,ne,13.64,4.03,83.77,63.0,47,9.57,1596917663
241,abu kamal,sy,34.45,40.92,90.97,15.0,0,17.67,1596917663
242,guerande,fr,47.33,-2.43,80.6,57.0,0,6.93,1596917663
243,obsharovka,ru,53.12,48.85,60.96,76.0,80,9.1,1596917663
244,mochicahui,mx,25.93,-108.93,102,49.0,5,18.34,1596917663
245,maxixe,mz,-23.86,35.35,57.2,87.0,0,6.96,1596917663
246,montes altos,br,-5.83,-47.07,96.8,28.0,0,5.82,1596917663
247,kuito,ao,-12.38,16.93,60.22,32.0,0,1.7,1596917663
248,xunchang,cn,28.45,104.72,74.97,85.0,96,2.68,1596917663
249,puri,in,19.8,85.85,80.6,94.0,75,5.82,1596917584
250,oleksandrivka,ua,48.96,32.23,68.68,63.0,43,8.46,1596917663
251,ozernovskiy,ru,51.5,156.52,52.48,94.0,100,8.99,1596917664
252,hanover,us,52.37,9.73,82.4,45.0,32,9.17,1596917664
253,brokopondo,sr,4.75,-55.17,83.79,78.0,65,3.96,1596917664
254,mallaig,gb,54.22,-111.37,65.1,55.0,19,15.64,1596917664
255,merritt,ca,50.11,-120.79,73.4,38.0,1,14.99,1596917664
256,deulgaon raja,in,20.02,76.03,74.62,86.0,99,8.46,1596917664
257,hope mills,us,34.97,-78.95,91.99,62.0,75,8.05,1596917423
258,lugazi,ug,0.38,32.92,68,94.0,20,2.24,1596917217
259,svolvaer,no,68.23,14.57,62.01,86.0,100,13,1596917451
260,olga,ru,43.74,135.29,62.53,94.0,100,3.4,1596917664
261,tagab,af,34.85,69.65,84.2,30.0,20,1.66,1596917664
262,andros,gr,37.83,24.93,78.01,71.0,0,4,1596917664
263,dzialdowo,pl,53.24,20.17,69.8,77.0,6,1.12,1596917465
264,jadu,ly,31.95,12.03,68.02,75.0,0,7.85,1596917665
265,lluta,pe,-16.01,-72.01,68,8.0,0,10.29,1596917665
266,kannauj,in,27.05,79.92,89.04,58.0,100,5.59,1596917665
267,bafia,cm,4.75,11.23,68.88,96.0,99,3.91,1596917665
268,manzil salim,tn,35.86,8.48,78.8,36.0,20,11.41,1596917665
269,east stroudsburg,us,41,-75.18,82.99,48.0,41,1.01,1596917278
270,amilly,fr,47.97,2.77,87.01,36.0,0,2.68,1596917665
271,barreirinhas,br,-2.75,-42.83,82.04,59.0,0,6.89,1596917665
272,pentecoste,br,-3.79,-39.27,79,73.0,0,17,1596917665
273,zhumadian,cn,32.98,114.03,74.05,94.0,0,2.91,1596917665
274,marawi,sd,8,124.29,73.99,92.0,97,5.99,1596917665
275,belomorsk,ru,64.52,34.77,54.03,79.0,70,3.51,1596917665
276,muriti,tz,-1.98,32.92,73.4,73.0,20,5.82,1596917666
277,bria,cf,6.54,21.99,70.68,94.0,100,4.16,1596917666
278,wala,pa,4.58,12.32,69.67,92.0,95,4.36,1596917666
279,sagna,ro,46.98,27.02,80.6,32.0,0,11.41,1596917666
280,vodnyy,ru,63.5,53.41,52.18,90.0,85,2.64,1596917666
281,vera cruz,br,-12.63,-41.03,71.83,63.0,43,5.64,1596917596
282,petropavlovka,ru,50.61,105.32,56.53,87.0,100,5.3,1596917666
283,afrikanda,ru,67.44,32.78,59.13,71.0,99,5.46,1596917666
284,joao pinheiro,br,-17.74,-46.17,77.36,30.0,0,6.51,1596917666
285,masterton,nz,-40.96,175.66,44.01,91.0,8,1.99,1596917372
286,voyinka,ua,45.87,33.99,76.77,58.0,1,7.45,1596917666
287,madison,us,34.73,-86.57,95,53.0,20,5.99,1596917522
288,mathathane,bw,-22.27,28.75,54.21,70.0,0,8.77,1596917666
289,itupiranga,br,-5.13,-49.33,95,28.0,0,3.36,1596917666
290,binzhou,cn,37.37,118.02,78.01,90.0,70,2.57,1596917666
291,unai,br,-16.36,-46.91,80.08,31.0,12,6.26,1596917667
292,nanhai,cn,30.13,111.78,78.01,95.0,97,2.71,1596917667
293,taman,id,45.21,36.72,78.8,50.0,20,15.66,1596917202
294,maua,ke,-23.67,-46.46,78.8,56.0,7,9.17,1596917667
295,kismayo,so,-0.36,42.55,76.86,73.0,27,19.57,1596917667
296,cardoso,br,-20.08,-49.91,79.57,35.0,88,7.23,1596917667
297,gambiran,id,-6.8,111.5,72.97,86.0,32,4.47,1596917667
298,edgewater,us,28.99,-80.9,91.99,74.0,20,11.41,1596917667
299,raga,sd,8.46,25.68,70.97,94.0,100,4.5,1596917667
300,taseyevo,ru,57.22,94.9,58.68,71.0,7,2.8,1596917667
301,the pas,ca,53.83,-101.25,64.4,77.0,90,19.39,1596917667
302,gayeri,bf,12.65,0.49,75.9,83.0,87,6.51,1596917667
303,kautokeino,no,69.01,23.04,59.18,76.0,10,5.46,1596917668
304,oros,br,-6.24,-38.91,90.86,28.0,0,3.76,1596917668
305,tuzha,ru,57.61,47.94,53.82,94.0,0,6.78,1596917668
306,knoxville,us,35.96,-83.92,91.99,40.0,1,3.94,1596917409
307,tandil,ar,-37.32,-59.13,55,99.0,100,1.99,1596917473
308,oksfjord,no,70.24,22.35,64.4,72.0,91,16.11,1596917668
309,ashford,gb,51.15,0.87,75.99,58.0,100,5.01,1596917668
310,san mateo del mar,mx,16.2,-95,85.64,69.0,50,21.39,1596917668
311,bad salzdetfurth,de,52.06,10.01,82,58.0,24,1.99,1596917668
312,duekoue,ci,6.75,-7.35,71.1,93.0,99,2.35,1596917668
313,shingu,jp,33.73,135.98,75.43,90.0,24,5.17,1596917668
314,camabatela,ao,-8.19,15.38,63.91,57.0,0,4.41,1596917668
315,corinto,ni,37.94,22.96,79,54.0,11,5.99,1596917668
316,seguela,ci,7.96,-6.67,70.3,92.0,68,5.91,1596917669
317,novosil,ru,52.97,37.04,61.23,83.0,15,5.32,1596917560
318,ulu-telyak,ru,54.91,56.97,60.46,95.0,100,6.82,1596917669
319,sonipat,in,28.98,77.02,84.2,94.0,40,3.36,1596917669
320,ouesso,cg,1.61,16.05,76.82,71.0,88,2.48,1596917669
321,brownwood,us,31.71,-98.99,98.6,23.0,1,14.99,1596917395
322,tainan,tw,22.99,120.21,81,88.0,40,3.36,1596917501
323,collie,au,-33.37,116.15,55.99,60.0,100,10,1596917612
324,brunsbuttel,de,53.9,9.15,78.01,71.0,91,5.84,1596917483
325,aracaju,br,-10.91,-37.07,78.8,74.0,75,9.17,1596917669
326,tukums,lv,56.97,23.16,64.4,88.0,3,1.1,1596917669
327,bom jesus,br,-9.07,-44.36,90.19,26.0,0,7.99,1596917669
328,mysliborz,pl,52.92,14.87,73.99,67.0,32,4.5,1596917669
329,tuban,id,-6.9,112.06,74.5,86.0,19,6.38,1596917669
330,wanaka,nz,-44.7,169.15,30,85.0,0,1.99,1596917594
331,poirino,it,44.92,7.85,84,54.0,45,1.99,1596917670
332,tigil,ru,57.8,158.67,57.24,66.0,100,6.98,1596917670
333,arandis,na,-22.42,14.97,57,80.0,0,4.41,1596917670
334,radcliff,us,37.84,-85.95,87.01,45.0,1,4.7,1596917420
335,ashtabula,us,41.7,-80.77,81,57.0,1,4.7,1596917670
336,pauri,in,30.15,78.78,67.64,99.0,100,1.36,1596917670
337,akdepe,tm,42.06,59.38,80.6,50.0,14,6.93,1596917670
338,machico,pt,32.7,-16.77,73.4,78.0,40,11.41,1596917670
339,ensenada,mx,31.87,-116.62,81.91,44.0,14,11.34,1596917438
340,alghero,it,40.56,8.32,77,69.0,5,4.7,1596917670
341,totness,sr,5.88,-56.32,83.37,79.0,31,6.89,1596917670
342,mogok,mm,22.92,96.5,66.63,100.0,100,2.66,1596917671
343,tumpat,my,6.2,102.17,78.8,94.0,20,2.24,1596917431
344,kaiyuan,cn,23.7,103.3,68.22,87.0,100,4.76,1596917671
345,cap-haitien,ht,19.76,-72.2,87.8,70.0,40,13.87,1596917671
346,tuy hoa,vn,13.08,109.3,78.33,80.0,69,10.36,1596917671
347,fort-shevchenko,kz,44.51,50.26,80.58,53.0,0,9.95,1596917671
348,takab,ir,36.4,47.11,62.4,47.0,0,6.08,1596917375
349,myanaung,mm,18.28,95.32,76.86,94.0,100,6.17,1596917671
350,krasnyy bogatyr,ru,56.01,41.13,57.56,97.0,55,4.94,1596917671
351,alamosa,us,37.47,-105.87,84.2,11.0,1,11.41,1596917672
352,de-kastri,ru,51.47,140.78,53.71,73.0,0,2.66,1596917672
353,uniontown,us,39.9,-79.72,86,36.0,81,1.99,1596917592
354,dalen,no,52.7,6.76,80.01,57.0,98,1.01,1596917672
355,izamal,mx,20.93,-89.02,95,47.0,75,9.17,1596917651
356,vasilsursk,ru,56.13,46.01,54,95.0,0,5.17,1596917423
357,bongandanga,cd,1.5,21.05,72.14,96.0,92,2.04,1596917672
358,xuanwu,cn,32.07,118.81,84.2,89.0,100,4.47,1596917672
359,niono,ml,14.25,-5.99,79.11,79.0,100,2.62,1596917672
360,medford,us,42.33,-122.88,84.99,28.0,1,8.05,1596917443
361,kibondo,tz,-3.59,30.72,69.08,44.0,85,4.74,1596917672
362,witbank,za,-25.87,29.23,49.46,58.0,0,9.31,1596917672
363,issoudun,fr,47,1.83,86,45.0,0,5.82,1596917672
364,linjiang,cn,41.81,126.91,64.56,88.0,16,2.93,1596917672
365,namibe,ao,-15.2,12.15,61.2,85.0,25,12.44,1596917673
366,xining,cn,36.62,101.77,55.6,59.0,0,2.91,1596917673
367,tocache,pe,-8.18,-76.51,90.5,35.0,15,1.97,1596917673
368,podyuga,ru,61.09,40.86,54.3,97.0,5,4.63,1596917673
369,ulety,ru,51.36,112.48,49.66,91.0,71,3.56,1596917673
370,ibotirama,br,-12.19,-43.22,84.97,31.0,56,6.58,1596917673
371,siyabuswa,za,-25.11,29.04,51.33,64.0,0,4.07,1596917673
372,sao miguel,br,-5.47,-35.37,78.8,69.0,20,10.29,1596917673
373,melfort,ca,52.87,-104.62,66.2,59.0,90,18.34,1596917673
374,yelizovo,ru,53.19,158.38,51.8,100.0,75,8.95,1596917673
375,bucyrus,us,40.81,-82.98,80.01,44.0,1,2.55,1596917673
376,den chai,th,17.98,100.05,75.54,92.0,100,2.39,1596917674
377,starosubkhangulovo,ru,53.1,57.44,59.49,92.0,100,3.47,1596917674
378,martin,sk,27.08,-80.42,93.99,74.0,40,9.17,1596917674
379,awjilah,ly,29.11,21.29,82.51,46.0,0,19.66,1596917674
380,oriximina,br,-1.77,-55.87,93.96,36.0,0,6.89,1596917674
381,tynset,no,62.28,10.78,50,93.0,99,11.41,1596917674
382,kisanga,tz,-7.44,37.7,70.5,63.0,24,4.32,1596917674
383,rangapara,in,26.82,92.65,80.65,89.0,100,0.85,1596917674
384,upala,cr,10.9,-85.01,86,66.0,75,9.17,1596917674
385,kawambwa,zm,-9.79,29.08,64.17,47.0,32,6.69,1596917674
386,tomari,ru,47.77,142.07,55.56,82.0,2,7.63,1596917674
387,masingbi,sl,8.78,-11.95,72.75,96.0,67,4.38,1596917674
388,carbonear,ca,47.73,-53.21,77,73.0,75,10.29,1596917674
389,norden,de,53.6,7.2,73.4,69.0,97,3.36,1596917675
390,avanigadda,in,16.02,80.92,82.67,78.0,100,9.33,1596917675
391,kloulklubed,pw,7.04,134.26,75.2,94.0,90,4.7,1596917675
392,mujiayingzi,cn,42.12,118.78,66,79.0,84,5.26,1596917675
393,mwense,zm,-10.38,28.7,68.7,37.0,0,7.49,1596917675
394,sainte-suzanne,re,-20.91,55.61,68,72.0,35,8.05,1596917675
395,chkalovskoye,ru,44.84,133.04,62.37,96.0,90,6.02,1596917675
396,rubiataba,br,-15.16,-49.8,83.66,25.0,0,3.33,1596917675
397,birecik,tr,37.03,37.99,80.6,54.0,0,8.05,1596917675
398,cherskiy,ru,68.75,161.3,45.32,89.0,98,10.47,1596917675
399,madras,in,13.09,80.28,77,100.0,90,9.17,1596917203
400,halvad,in,23.02,71.18,82.13,80.0,1,16.73,1596917675
401,arraias,br,-12.93,-46.94,83.48,29.0,91,7.31,1596917675
402,pala,td,9.36,14.9,74.26,87.0,95,3.87,1596917676
403,riverton,us,40.52,-111.94,93,14.0,1,12.75,1596917453
404,assare,br,-6.87,-39.88,85.91,32.0,1,9.53,1596917454
405,megion,ru,61.03,76.11,66.2,77.0,0,6.71,1596917469
406,asau,tv,46.43,26.4,77,61.0,66,9.17,1596917676
407,miles city,us,46.41,-105.84,84.2,16.0,1,5.82,1596917454
408,marang,my,5.21,103.21,77,94.0,40,2.24,1596917676
409,chkalovsk,tj,56.76,43.24,59,93.0,20,2.24,1596917676
410,cuenca,ec,-2.88,-78.98,55.4,71.0,90,8.05,1596917402
411,quime,bo,-16.98,-67.22,60.82,36.0,3,7.81,1596917676
412,turan,ru,16.07,108.22,78.8,88.0,20,2.24,1596917518
413,okha,ru,53.57,142.95,54.14,78.0,0,9.6,1596917677
414,diu,in,20.71,70.98,82.02,82.0,100,17.72,1596917677
415,darovskoy,ru,58.77,47.96,53.06,95.0,0,5.82,1596917677
416,qorveh,ir,35.17,47.8,60.55,51.0,0,6.69,1596917677
417,harrison,us,30.41,-89.04,91.4,62.0,1,9.17,1596917677
418,chai badan,th,15.2,101.13,81,88.0,95,5.7,1596917677
419,cheney,us,47.49,-117.58,78.01,35.0,90,9.17,1596917459
420,ananas,br,19.25,-71.96,87.8,70.0,40,13.87,1596917677
421,suileng,cn,47.25,127.08,62.62,97.0,100,8.57,1596917677
422,south valley,us,35.01,-106.68,91,20.0,20,5.82,1596917677
423,lyantonde,ug,-0.4,31.16,66.54,67.0,48,2.33,1596917677
424,jaromerice nad rokytnou,cz,49.09,15.89,75.2,53.0,0,6.93,1596917678
425,dokka,no,60.84,10.06,62.01,73.0,2,1.01,1596917678
426,miami,us,25.77,-80.19,91.99,59.0,40,12.75,1596917549
427,keningau,my,5.34,116.16,77,83.0,20,5.82,1596917397
428,torbat-e jam,ir,35.24,60.62,71.11,37.0,0,13.31,1596917678
429,chippewa falls,us,44.94,-91.39,84.99,62.0,90,8.05,1596917470
430,champerico,gt,14.3,-91.92,91.4,55.0,75,9.17,1596917678
431,harbour breton,ca,47.48,-55.8,65.08,81.0,93,8.9,1596917678
432,torva,ee,58,25.93,69.01,88.0,0,1.32,1596917678
433,pitimbu,br,-7.47,-34.81,78.8,78.0,20,13.87,1596917679
434,pandamatenga,bw,-18.53,25.63,61.97,49.0,0,4.63,1596917679
435,simbahan,ph,6.3,120.58,83.3,79.0,93,12.71,1596917679
436,sesheke,zm,-17.48,24.3,64.4,45.0,9,3.36,1596917679
437,lapua,fi,62.97,23.01,69.01,71.0,15,3,1596917679
438,murdochville,ca,48.96,-65.5,68.9,71.0,92,4.16,1596917679
439,viransehir,tr,37.24,39.76,82.02,45.0,0,10.83,1596917679
440,dombarovskiy,ru,50.76,59.54,65.89,82.0,96,10.04,1596917679
441,san alberto,py,7.76,-73.39,89.31,60.0,100,2.8,1596917679
442,buloh kasap,my,2.55,102.76,78.8,88.0,20,1.86,1596917679
443,ito,jp,34.97,139.08,75.99,84.0,84,1.01,1596917679
444,mingyue,cn,43.11,128.92,65.19,90.0,99,4.16,1596917680
445,ardakan,ir,32.31,54.02,84.2,25.0,20,9.17,1596917680
446,mihijam,in,23.85,86.88,83.88,79.0,100,5.06,1596917680
447,kota tinggi,my,1.74,103.9,80.6,88.0,20,2.24,1596917680
448,arak,ir,34.09,49.69,66.72,38.0,1,4.29,1596917640
449,nizhniy tagil,ru,57.92,59.97,58.21,77.0,100,11.36,1596917680
450,ninh binh,vn,20.25,105.97,79.74,91.0,21,3.98,1596917680
451,kropachevo,ru,55.01,57.99,59.31,96.0,100,10.38,1596917680
452,staropyshminsk,ru,56.94,60.9,62.6,100.0,40,8.95,1596917680
453,bulembu,sz,-25.97,31.13,55.4,58.0,0,6.93,1596917680
454,lake charles,us,30.21,-93.2,87.8,62.0,90,8.05,1596917623
455,upata,ve,8.01,-62.4,89.01,65.0,69,1.01,1596917681
456,yarensk,ru,62.17,49.09,54.77,83.0,92,3.31,1596917681
457,lixourion,gr,38.2,20.43,77,83.0,20,5.82,1596917681
458,yertsevo,ru,60.8,40.09,55.24,98.0,80,5.17,1596917681
459,rio claro,tt,-22.41,-47.56,82,30.0,40,4.7,1596917681
460,safford,us,32.83,-109.71,100.4,16.0,1,4.32,1596917681
461,alindao,cf,5.03,21.21,71.19,95.0,100,2.44,1596917216
462,riberalta,bo,-10.98,-66.1,97.77,22.0,56,3.8,1596917681
463,ormstown,ca,45.13,-74,81,51.0,20,9.17,1596917682
464,zhuhai,cn,22.28,113.57,84,88.0,40,6.93,1596917682
465,dana point,us,33.47,-117.7,82.99,67.0,20,3,1596917682
466,sangmelima,cm,2.93,11.98,67.89,95.0,91,4.27,1596917682
467,rockport,us,28.02,-97.05,93.2,56.0,1,12.75,1596917682
468,alta gracia,ar,-31.65,-64.43,72,40.0,38,6.93,1596917533
